Workbook

Sheet Hoja2
A1: CÓDIGO_SNIES_DEL_PROGRAMA | B1: CÓDIGO_ANTERIOR_ICFES | C1: FACULTAD | D1: NOMBRE_CORTO_FAC | E1: NOMBRE_DEL_PROGRAMA | F1: NOMBRE_CORTO | G1: ESTADO_PROGRAMA | H1: RESOLUCIÓN_DE_APROBACIÓN | I1: FECHA_DE_RESOLUCIÓN | J1: FECHA_EJECUTORIA | K1: VIGENCIA_AÑOS | L1: FECHA_DE_REGISTRO_EN_SNIES | M1: CINE_F_2013_AC_CAMPO_AMPLIO | N1: CINE_F_2013_AC_CAMPO_ESPECÍFIC | O1: CINE_F_2013_AC_CAMPO_DETALLADO | P1: ÁREA_DE_CONOCIMIENTO | Q1: NÚCLEO_BÁSICO_DEL_CONOCIMIENTO | R1: NIVEL_ACADÉMICO | S1: NIVEL_DE_FORMACIÓN | T1: MODALIDAD | U1: NÚMERO_CRÉDITOS | V1: NÚMERO_PERIODOS_DE_DURACIÓN | W1: PERIODICIDAD | X1: SE_OFRECE_POR_CICLOS_PROPEDÉUT | Y1: PERIODICIDAD_ADMISIONES
A2: 108384 | B2: 108384 | C2: Facultad de Ciencias Económicas Administrativas y Contables (FCEAC) | D2: FCEAC | E2: Administración De Empresas | F2: AE | G2: Activo | H2: 10430 | I2: 43740 | J2: 43740 | K2: 7 | L2: 43740 | M2: Administración de Empresas y Derecho | N2: Educación comercial y administración | O2: Gestión y administración | P2: Economía, administración, contaduría y afines | Q2: Administración | R2: Pregrado | S2: Universitario | T2: Virtual | U2: 140 | V2: 8 | W2: Semestral | X2: No | Y2: Semestral
A3: 107947 | B3: 107947 | C3: Facultad de Ciencias Económicas Administrativas y Contables (FCEAC) | D3: FCEAC | E3: Administración De Empresas Turísticas Y Hoteleras | F3: AETH | G3: Activo | H3: 4251 | I3: 43580 | J3: 43580 | K3: 7 | L3: 43591 | M3: Administración de Empresas y Derecho | N3: Educación comercial y administración | O3: Gestión y administración | P3: Economía, administración, contaduría y afines | Q3: Administración | R3: Pregrado | S3: Universitario | T3: Virtual | U3: 140 | V3: 8 | W3: Semestral | X3: No | Y3: Semestral
A4: 109042 | B4: 109042 | C4: Facultad de Ciencias Económicas Administrativas y Contables (FCEAC) | D4: FCEAC | E4: Administración En Seguridad Y Salud En El Trabajo | F4: ASST | G4: Activo | H4: 16943 | I4: 43826 | J4: 43826 | K4: 7 | L4: 43826 | M4: Administración de Empresas y Derecho | N4: Educación comercial y administración | O4: Gestión y administración | P4: Economía, administración, contaduría y afines | Q4: Administración | R4: Pregrado | S4: Universitario | T4: Virtual | U4: 142 | V4: 8 | W4: Semestral | X4: No | Y4: Semestral
A5: 109345 | B5: 109345 | C5: Facultad de Ciencias y Humanidades (FCyH) | D5: FCyH | E5: Ciencias Ambientales | F5: CA | G5: Activo | H5: 12790 | I5: 44022 | J5: 44028 | K5: 7 | L5: 44028 | M5: Ciencias Naturales, Matemáticas y Estadística | N5: Medio ambiente | O5: Ciencias del medio ambiente | P5: Ingeniería, arquitectura, urbanismo y afines | Q5: Ingeniería ambiental, sanitaria y afines | R5: Pregrado | S5: Universitario | T5: Virtual | U5: 160 | V5: 9 | W5: Semestral | X5: No | Y5: Semestral
A6: 109937 | B6: 109937 | C6: Facultad de Ingeniería y Ciencias Agropecuarias (FICA) | D6: FICA | E6: Especialización En Análitica Y Big Data | F6: EABD | G6: Activo | H6: 5018 | I6: 44279 | J6: 44281 | K6: 7 | L6: 44298 | M6: Tecnologías de la Información y la Comunicación (TIC) | N6: Tecnologías de la Información y la Comunicación (TIC) | O6: Diseño y administración de redes y bases de datos | P6: Ingeniería, arquitectura, urbanismo y afines | Q6: Ingeniería de sistemas, telemática y afines | R6: Posgrado | S6: Especialización universitaria | T6: Virtual | U6: 24 | V6: 2 | W6: Semestral | X6: No | Y6: Trimestral
A7: 108268 | B7: 108268 | C7: Facultad de Ciencias Económicas Administrativas y Contables (FCEAC) | D7: FCEAC | E7: Especialización En Formulación Y Evaluación De Proyectos | F7: EEFP | G7: Activo | H7: 9130 | I7: 43706 | J7: 43706 | K7: 7 | L7: 43720 | M7: Ciencias Sociales, Periodismo e Información | N7: Programas y certificaciones interdisciplinarios relativos a ciencias sociales, periodismo e información | O7: Programas y certificaciones interdisciplinarios relativos a ciencias sociales, periodismo e información | P7: Economía, administración, contaduría y afines | Q7: Administración | R7: Posgrado | S7: Especialización universitaria | T7: Virtual | U7: 24 | V7: 2 | W7: Semestral | X7: No | Y7: Semestral
A8: 116295 | C8: Facultad de Ciencias Económicas Administrativas y Contables (FCEAC) | D8: FCEAC | E8: Especialización En Gerencia De La Seguridad Y Salud En El Trabajo | F8: EGSST | G8: Activo | H8: 23141 | I8: 45259 | J8: 45266 | K8: 7 | L8: 45266 | M8: Administración de Empresas y Derecho | N8: Educación comercial y administración | O8: Gestión y administración | P8: Sin información | Q8: Sin clasificar | R8: Posgrado | S8: Especialización universitaria | T8: Virtual | U8: 24 | V8: 2 | W8: Semestral | X8: No | Y8: Semestral
A9: 117906 | C9: Facultad de Ciencias y Humanidades (FCyH) | D9: FCyH | E9: Especialización En Gestión Ambiental Para El Desarrollo Territorial Sostenible | F9: EGADTS | G9: Activo | H9: 4541 | I9: 45727 | J9: 45743 | K9: 7 | L9: 45743 | M9: Ciencias Naturales, Matemáticas y Estadística | N9: Medio ambiente | O9: Ciencias del medio ambiente | P9: Matemáticas y ciencias naturales | Q9: Geología, otros programas de ciencias naturales | R9: Posgrado | S9: Especialización universitaria | T9: Virtual | U9: 25 | V9: 2 | W9: Semestral | X9: No | Y9: Semestral
A10: 111115 | B10: 111115 | C10: Facultad de Ingeniería y Ciencias Agropecuarias (FICA) | D10: FICA | E10: Especialización En Inocuidad Agroalimentaria | F10: EIA | G10: Activo | H10: 7615 | I10: 44655 | J10: 44657 | K10: 7 | L10: 44700 | M10: Ingeniería, Industria y Construcción | N10: Industria y procesamiento | O10: Procesamiento de alimentos | P10: Ingeniería, arquitectura, urbanismo y afines | Q10: Ingeniería agroindustrial, alimentos y afines | R10: Posgrado | S10: Especialización universitaria | T10: Virtual | U10: 24 | V10: 2 | W10: Semestral | X10: No | Y10: Trimestral
A11: 107960 | B11: 107960 | C11: Facultad de Ingeniería y Ciencias Agropecuarias (FICA) | D11: FICA | E11: Especialización En Programación Aplicada | F11: EPA | G11: Activo | H11: 4252 | I11: 43580 | J11: 43580 | K11: 7 | L11: 43598 | M11: Tecnologías de la Información y la Comunicación (TIC) | N11: Tecnologías de la Información y la Comunicación (TIC) | O11: Desarrollo y análisis de software y aplicaciones | P11: Ingeniería, arquitectura, urbanismo y afines | Q11: Ingeniería de sistemas, telemática y afines | R11: Posgrado | S11: Especialización universitaria | T11: Virtual | U11: 24 | V11: 2 | W11: Semestral | X11: No | Y11: Semestral
A12: 116300 | C12: Facultad de Educación (FE) | D12: FE | E12: Especialización En Tecnologías Digitales Para El Aprendizaje | F12: ETDA | G12: Activo | H12: 23148 | I12: 45259 | J12: 45266 | K12: 7 | L12: 45266 | M12: Educación | N12: Educación | O12: Ciencias de la educación | P12: Sin información | Q12: Sin clasificar | R12: Posgrado | S12: Especialización universitaria | T12: Virtual | U12: 24 | V12: 2 | W12: Semestral | X12: No | Y12: Semestral
A13: 116232 | C13: Facultad de Ingeniería y Ciencias Agropecuarias (FICA) | D13: FICA | E13: Ingeniería De Software Y Datos | F13: IDS | G13: Activo | H13: 21298 | I13: 45240 | J13: 45244 | K13: 7 | L13: 45244 | M13: Tecnologías de la Información y la Comunicación (TIC) | N13: Tecnologías de la Información y la Comunicación (TIC) | O13: Desarrollo y análisis de software y aplicaciones | P13: Sin información | Q13: Sin clasificar | R13: Pregrado | S13: Universitario | T13: Virtual | U13: 144 | V13: 9 | W13: Semestral | X13: No | Y13: Semestral
A14: 117540 | C14: Facultad de Ingeniería y Ciencias Agropecuarias (FICA) | D14: FICA | E14: Ingeniería En Desarrollo Territorial | F14: IDT | G14: Activo | H14: 12084 | I14: 45492 | J14: 45495 | K14: 7 | L14: 45495 | M14: Ingeniería, Industria y Construcción | N14: Programas y certificaciones interdisciplinarios relativos a ingeniería, industria y construcción | O14: Programas y certificaciones interdisciplinarios relativos a ingeniería, industria y construcción | P14: Sin información | Q14: Sin clasificar | R14: Pregrado | S14: Universitario | T14: Virtual | U14: 143 | V14: 8 | W14: Periodos | X14: No | Y14: Semestral
A15: 109615 | B15: 109615 | C15: Facultad de Ingeniería y Ciencias Agropecuarias (FICA) | D15: FICA | E15: Ingeniería Mecatrónica | F15: IM | G15: Activo | H15: 7154 | I15: 43963 | J15: 44153 | K15: 7 | L15: 44179 | M15: Ingeniería, Industria y Construcción | N15: Ingeniería y profesiones afines | O15: Electrónica y automatización | P15: Ingeniería, arquitectura, urbanismo y afines | Q15: Ingeniería mecánica y afines | R15: Pregrado | S15: Universitario | T15: Virtual | U15: 158 | V15: 9 | W15: Semestral | X15: No | Y15: Semestral
A16: 116510 | C16: Facultad de Educación (FE) | D16: FE | E16: Licenciatura En Educación Básica Primaria | F16: LEBP | G16: Activo | H16: 25371 | I16: 45281 | J16: 45301 | K16: 7 | L16: 45301 | M16: Educación | N16: Educación | O16: Formación para docentes sin asignatura de especialización | P16: Sin información | Q16: Sin clasificar | R16: Pregrado | S16: Universitario | T16: Virtual | U16: 144 | V16: 8 | W16: Semestral | X16: No | Y16: Semestral
A17: 108269 | B17: 108269 | C17: Facultad de Ciencias Económicas Administrativas y Contables (FCEAC) | D17: FCEAC | E17: Publicidad Y Mercadeo Digital | F17: PMD | G17: Activo | H17: 9134 | I17: 43706 | J17: 43706 | K17: 7 | L17: 43706 | M17: Administración de Empresas y Derecho | N17: Educación comercial y administración | O17: Mercadotecnia y publicidad | P17: Bellas artes | Q17: Publicidad y afines | R17: Pregrado | S17: Universitario | T17: Virtual | U17: 141 | V17: 8 | W17: Semestral | X17: No | Y17: Semestral
A18: 109852 | B18: 109852 | C18: Facultad de Ciencias y Humanidades (FCyH) | D18: FCyH | E18: Tecnología En Desarrollo Comunitario | F18: TDC | G18: Activo | H18: 1720 | I18: 44231 | J18: 44235 | K18: 7 | L18: 44257 | M18: Ciencias Sociales, Periodismo e Información | N18: Ciencias sociales y del comportamiento | O18: Ciencias sociales y del comportamiento no clasificadas en otra parte | P18: Ciencias sociales y humanas | Q18: Sociología, trabajo social y afines | R18: Pregrado | S18: Tecnológico | T18: Virtual | U18: 91 | V18: 6 | W18: Semestral | X18: No | Y18: Bimensual
A19: 107611 | B19: 107611 | C19: Facultad de Ingeniería y Ciencias Agropecuarias (FICA) | D19: FICA | E19: Tecnología En Desarrollo De Software | F19: TDS | G19: Activo | H19: 1517 | I19: 43503 | J19: 43503 | K19: 7 | L19: 43508 | M19: Tecnologías de la Información y la Comunicación (TIC) | N19: Tecnologías de la Información y la Comunicación (TIC) | O19: Desarrollo y análisis de software y aplicaciones | P19: Ingeniería, arquitectura, urbanismo y afines | Q19: Ingeniería de sistemas, telemática y afines | R19: Pregrado | S19: Tecnológico | T19: Virtual | U19: 104 | V19: 6 | W19: Semestral | X19: No | Y19: Semestral
A20: 117095 | C20: Facultad de Ciencias Económicas Administrativas y Contables (FCEAC) | D20: FCEAC | E20: Tecnología En Gestión Administrativa | F20: TGA | G20: Activo | H20: 11404 | I20: 45489 | J20: 45505 | K20: 7 | L20: 45505 | M20: Administración de Empresas y Derecho | N20: Educación comercial y administración | O20: Gestión y administración | P20: Sin información | Q20: Sin clasificar | R20: Pregrado | S20: Tecnológico | T20: Virtual | U20: 99 | V20: 6 | W20: Semestral | X20: No | Y20: Semestral
A21: 109194 | B21: 109194 | C21: Facultad de Ingeniería y Ciencias Agropecuarias (FICA) | D21: FICA | E21: Tecnologia En Gestion Catastral Y Agrimensura | F21: TGCA | G21: Activo | H21: 15874 | I21: 43817 | J21: 43817 | K21: 7 | L21: 43879 | M21: Ingeniería, Industria y Construcción | N21: Arquitectura y construcción | O21: Construcción e ingeniería civil | P21: Ingeniería, arquitectura, urbanismo y afines | Q21: Ingeniería civil y afines | R21: Pregrado | S21: Tecnológico | T21: Virtual | U21: 107 | V21: 6 | W21: Semestral | X21: No | Y21: Semestral
A22: 110915 | B22: 110915 | C22: Facultad de Ciencias Económicas Administrativas y Contables (FCEAC) | D22: FCEAC | E22: Tecnología En Gestión Comercial Agroempresarial | F22: TGCAE | G22: Activo | H22: 1133 | I22: 44595 | J22: 44601 | K22: 7 | L22: 44630 | M22: Administración de Empresas y Derecho | N22: Educación comercial y administración | O22: Ventas al por mayor y al por menor | P22: Economía, administración, contaduría y afines | Q22: Administración | R22: Pregrado | S22: Tecnológico | T22: Virtual | U22: 96 | V22: 6 | W22: Semestral | X22: No | Y22: Semestral
A23: 116793 | C23: Facultad de Ciencias Económicas Administrativas y Contables (FCEAC) | D23: FCEAC | E23: Tecnología En Gestión Logística Portuaria Y Del Transporte | F23: TGLPT | G23: Activo | H23: 3234 | I23: 45371 | J23: 45392 | K23: 7 | L23: 45392 | M23: Administración de Empresas y Derecho | N23: Educación comercial y administración | O23: Gestión y administración | P23: Sin información | Q23: Sin clasificar | R23: Pregrado | S23: Tecnológico | T23: Virtual | U23: 96 | V23: 6 | W23: Semestral | X23: No | Y23: Semestral
A24: 109941 | B24: 109941 | C24: Facultad de Ciencias y Humanidades (FCyH) | D24: FCyH | E24: Trabajo Social | F24: TS | G24: Activo | H24: 50937 | I24: 44279 | J24: 44281 | K24: 7 | L24: 44298 | M24: Ciencias Sociales, Periodismo e Información | N24: Ciencias sociales y del comportamiento | O24: Trabajo social | P24: Ciencias sociales y humanas | Q24: Sociología, trabajo social y afines | R24: Pregrado | S24: Universitario | T24: Virtual | U24: 134 | V24: 8 | W24: Semestral | X24: No | Y24: Bimensual
A25: 119077 | C25: Facultad de Ciencias y Humanidades (FCyH) | D25: FCyH | E25: Comunicación y Periodismo Digital | F25: CPD | G25: Activo | H25: 9061 | I25: 46113 | J25: 46133 | K25: 7 | L25: 46133 | M25: Ciencias Sociales, Periodismo e Información | N25: Periodismo e información | O25: Periodismo, comunicación y reportajes | P25: Ciencias sociales y humanas | Q25: Comunicación social, periodismo y afines | R25: Pregrado | S25: Universitario | T25: Virtual | U25: 147 | V25: 9 | W25: Semestral | X25: No | Y25: Semestral
A26: 119128 | C26: Facultad de Ciencias y Humanidades (FCyH) | D26: FCyH | E26: Derecho | F26: DE | G26: Activo | H26: 10348 | I26: 46128 | J26: 46149 | K26: 7 | L26: 46149 | M26: Administración de Empresas y Derecho | N26: Derecho | O26: Derecho | P26: Ciencias sociales y humanas | Q26: Derecho y afines | R26: Pregrado | S26: Universitario | T26: Virtual | U26: 165 | V26: 10 | W26: Semestral | X26: No | Y26: Semestral
C27: Extensión | E27: Curso Acercamiento a las Intervenciones Psicosociales 2026 - Extensión académica Egresados
C28: Extensión | E28: Curso Básico Herramientas Adobe Illustrator 2026 - Extensión académica Egresados
C29: Extensión | E29: Curso Catastro Multipropósito 2026 - Extensión académica Egresados
C30: Extensión | E30: Curso de inducción de la gobernación de Antioquia - Extensión Académica - Cerrado 2026
C31: Extensión | E31: Curso Fotografia Básica 2026 - Extensión académica Egresados
C32: Extensión | E32: Curso Gestión Talento Humano 2026 - Extensión académica Egresados
C33: Extensión | E33: Curso Habilidades Comunicativas 2026 - Extensión académica Egresados
C34: Extensión | E34: Curso Herramientas TIC para la Educación 2026 - Extensión académica Egresados
C35: Extensión | E35: Curso Informática Básica 2026 - Extension Curso Informática Básica 2026 - Extensión académica Egresados Egresados
C36: Extensión | E36: Curso Introducción a la Agronomía 2026 - Extensión académica Egresados
C37: Extensión | E37: Curso Introducción a la Horticultura 2026 - Extensión académica Egresados
C38: Extensión | E38: Curso Introducción a la Industria del Cannabis Medicinal 2026 - Extensión académica Egresados
... C60: Extensión | E60: Inglés 5 (Inglés Fuera De La Malla 2026-1 B2)

Sheet Hoja3
A1: CÓDIGO_INSTITUCIÓN_PADRE | B1: CÓDIGO_INSTITUCIÓN | C1: NOMBRE_INSTITUCIÓN | D1: ESTADO_INSTITUCIÓN | E1: CARÁCTER_ACADÉMICO | F1: SECTOR | G1: REGISTRO_UNICO | H1: CÓDIGO_SNIES_DEL_PROGRAMA | J1: CÓDIGO_ANTERIOR_ICFES | K1: NOMBRE_DEL_PROGRAMA | L1: TITULO_OTORGADO | M1: ESTADO_PROGRAMA | N1: JUSTIFICACION | O1: JUSTIFICACION_DETALLADA | P1: RECONOCIMIENTO_DEL_MINISTERIO | Q1: RESOLUCIÓN_DE_APROBACIÓN | R1: FECHA_DE_RESOLUCIÓN | S1: FECHA_EJECUTORIA | T1: VIGENCIA_AÑOS | U1: FECHA_DE_REGISTRO_EN_SNIES | V1: CINE_F_2013_AC_CAMPO_AMPLIO | W1: CINE_F_2013_AC_CAMPO_ESPECÍFIC | X1: CINE_F_2013_AC_CAMPO_DETALLADO | Y1: ÁREA_DE_CONOCIMIENTO | Z1: NÚCLEO_BÁSICO_DEL_CONOCIMIENTO | AA1: NIVEL_ACADÉMICO | AB1: NIVEL_DE_FORMACIÓN | AC1: MODALIDAD | AD1: NÚMERO_CRÉDITOS | AE1: NÚMERO_PERIODOS_DE_DURACIÓN | AF1: PERIODICIDAD | AG1: SE_OFRECE_POR_CICLOS_PROPEDÉUT | AH1: PERIODICIDAD_ADMISIONES | AI1: PROGRAMA_EN_CONVENIO | AJ1: DEPARTAMENTO_OFERTA_PROGRAMA | AK1: MUNICIPIO_OFERTA_PROGRAMA | AL1: COSTO_MATRÍCULA_ESTUD_NUEVOS | AM1: VIGENCIA TRANSITORIA | AN1: OBSERVACIÓN DECRETO 1174/23
A2: 9927 | B2: 9927 | C2: INSTITUCION UNIVERSITARIA DIGITAL DE ANTIOQUIA -IU. DIGITAL | D2: Activa | E2: Institución Universitaria/Escuela Tecnológica | F2: Oficial | H2: 108384 | I2: =VLOOKUP(H2,Hoja2!A:A,1,0) -> 108384 | J2: 108384 | K2: ADMINISTRACIÓN DE EMPRESAS | L2: ADMINISTRADOR DE EMPRESAS | M2: Activo | P2: Registro calificado | Q2: 10430 | R2: 43740 | S2: 43740 | T2: 7 | U2: 43740 | V2: Administración de Empresas y Derecho | W2: Educación comercial y administración | X2: Gestión y administración | Y2: Economía, administración, contaduría y afines | Z2: Administración | AA2: Pregrado | AB2: Universitario | AC2: Virtual | AD2: 140 | AE2: 8 | AF2: Semestral | AG2: No | AH2: Semestral | AI2: N | AJ2: Antioquia | AK2: Medellín | AL2: 2765000
A3: 9927 | B3: 9927 | C3: INSTITUCION UNIVERSITARIA DIGITAL DE ANTIOQUIA -IU. DIGITAL | D3: Activa | E3: Institución Universitaria/Escuela Tecnológica | F3: Oficial | H3: 107947 | I3: =VLOOKUP(H3,Hoja2!A:A,1,0) -> 107947 | J3: 107947 | K3: ADMINISTRACIÓN DE EMPRESAS TURÍSTICAS Y HOTELERAS | L3: ADMINISTRADOR DE EMPRESAS TURÍSTICAS Y HOTELERAS | M3: Activo | P3: Registro calificado | Q3: 4251 | R3: 43580 | S3: 43580 | T3: 7 | U3: 43591.496 | V3: Administración de Empresas y Derecho | W3: Educación comercial y administración | X3: Gestión y administración | Y3: Economía, administración, contaduría y afines | Z3: Administración | AA3: Pregrado | AB3: Universitario | AC3: Virtual | AD3: 140 | AE3: 8 | AF3: Semestral | AG3: No | AH3: Semestral | AI3: N | AJ3: Antioquia | AK3: Medellín | AL3: 2765000
A4: 9927 | B4: 9927 | C4: INSTITUCION UNIVERSITARIA DIGITAL DE ANTIOQUIA -IU. DIGITAL | D4: Activa | E4: Institución Universitaria/Escuela Tecnológica | F4: Oficial | H4: 109042 | I4: =VLOOKUP(H4,Hoja2!A:A,1,0) -> 109042 | J4: 109042 | K4: ADMINISTRACIÓN EN SEGURIDAD Y SALUD EN EL TRABAJO | L4: ADMINISTRADOR EN SEGURIDAD Y SALUD EN EL TRABAJO | M4: Activo | P4: Registro calificado | Q4: 16943 | R4: 43826 | S4: 43826 | T4: 7 | U4: 43826 | V4: Administración de Empresas y Derecho | W4: Educación comercial y administración | X4: Gestión y administración | Y4: Economía, administración, contaduría y afines | Z4: Administración | AA4: Pregrado | AB4: Universitario | AC4: Virtual | AD4: 142 | AE4: 8 | AF4: Semestral | AG4: No | AH4: Semestral | AI4: N | AJ4: Antioquia | AK4: Medellín | AL4: 2765000
A5: 9927 | B5: 9927 | C5: INSTITUCION UNIVERSITARIA DIGITAL DE ANTIOQUIA -IU. DIGITAL | D5: Activa | E5: Institución Universitaria/Escuela Tecnológica | F5: Oficial | H5: 109345 | I5: =VLOOKUP(H5,Hoja2!A:A,1,0) -> 109345 | J5: 109345 | K5: CIENCIAS AMBIENTALES | L5: PROFESIONAL EN CIENCIAS AMBIENTALES | M5: Activo | P5: Registro calificado | Q5: 12790 | R5: 44022 | S5: 44028 | T5: 7 | U5: 44028 | V5: Ciencias Naturales, Matemáticas y Estadística | W5: Medio ambiente | X5: Ciencias del medio ambiente | Y5: Ingeniería, arquitectura, urbanismo y afines | Z5: Ingeniería ambiental, sanitaria y afines | AA5: Pregrado | AB5: Universitario | AC5: Virtual | AD5: 160 | AE5: 9 | AF5: Semestral | AG5: No | AH5: Semestral | AI5: N | AJ5: Antioquia | AK5: Medellín | AL5: 2765000
A6: 9927 | B6: 9927 | C6: INSTITUCION UNIVERSITARIA DIGITAL DE ANTIOQUIA -IU. DIGITAL | D6: Activa | E6: Institución Universitaria/Escuela Tecnológica | F6: Oficial | H6: 119077 | I6: =VLOOKUP(H6,Hoja2!A:A,1,0) -> 119077 | K6: COMUNICACIÓN Y PERIODISMO DIGITAL | L6: Comunicador y Periodista Digital | M6: Activo | P6: Registro calificado | Q6: 9061 | R6: 46113 | S6: 46133 | T6: 7 | U6: 46133 | V6: Ciencias Sociales, Periodismo e Información | W6: Periodismo e información | X6: Periodismo, comunicación y reportajes | Y6: Ciencias sociales y humanas | Z6: Comunicación social, periodismo y afines | AA6: Pregrado | AB6: Universitario | AC6: Virtual | AD6: 147 | AE6: 9 | AF6: Semestral | AG6: No | AH6: Semestral | AI6: N | AJ6: Antioquia | AK6: Medellín
A7: 9927 | B7: 9927 | C7: INSTITUCION UNIVERSITARIA DIGITAL DE ANTIOQUIA -IU. DIGITAL | D7: Activa | E7: Institución Universitaria/Escuela Tecnológica | F7: Oficial | H7: 119128 | I7: =VLOOKUP(H7,Hoja2!A:A,1,0) -> 119128 | K7: DERECHO | L7: Abogado - Abogada | M7: Activo | P7: Registro calificado | Q7: 10348 | R7: 46128 | S7: 46149 | T7: 7 | U7: 46149 | V7: Administración de Empresas y Derecho | W7: Derecho | X7: Derecho | Y7: Ciencias sociales y humanas | Z7: Derecho y afines | AA7: Pregrado | AB7: Universitario | AC7: Virtual | AD7: 165 | AE7: 10 | AF7: Semestral | AG7: No | AH7: Semestral | AI7: N | AJ7: Antioquia | AK7: Medellín
A8: 9927 | B8: 9927 | C8: INSTITUCION UNIVERSITARIA DIGITAL DE ANTIOQUIA -IU. DIGITAL | D8: Activa | E8: Institución Universitaria/Escuela Tecnológica | F8: Oficial | H8: 109937 | I8: =VLOOKUP(H8,Hoja2!A:A,1,0) -> 109937 | J8: 109937 | K8: ESPECIALIZACIÓN EN ANÁLITICA Y BIG DATA | L8: ESPECIALISTA EN ANÁLITICA Y BIG DATA | M8: Activo | P8: Registro calificado | Q8: 5018 | R8: 44279 | S8: 44281 | T8: 7 | U8: 44298.923 | V8: Tecnologías de la Información y la Comunicación (TIC) | W8: Tecnologías de la Información y la Comunicación (TIC) | X8: Diseño y administración de redes y bases de datos | Y8: Ingeniería, arquitectura, urbanismo y afines | Z8: Ingeniería de sistemas, telemática y afines | AA8: Posgrado | AB8: Especialización universitaria | AC8: Virtual | AD8: 24 | AE8: 2 | AF8: Semestral | AG8: No | AH8: Trimestral | AI8: N | AJ8: Antioquia | AK8: Medellín | AL8: 6320000
A9: 9927 | B9: 9927 | C9: INSTITUCION UNIVERSITARIA DIGITAL DE ANTIOQUIA -IU. DIGITAL | D9: Activa | E9: Institución Universitaria/Escuela Tecnológica | F9: Oficial | H9: 108268 | I9: =VLOOKUP(H9,Hoja2!A:A,1,0) -> 108268 | J9: 108268 | K9: ESPECIALIZACIÓN EN FORMULACIÓN Y EVALUACIÓN DE PROYECTOS | L9: ESPECIALISTA EN FORMULACIÓN Y EVALUACIÓN DE PROYECTOS | M9: Activo | P9: Registro calificado | Q9: 9130 | R9: 43706 | S9: 43706 | T9: 7 | U9: 43720.593 | V9: Ciencias Sociales, Periodismo e Información | W9: Programas y certificaciones interdisciplinarios relativos a ciencias sociales, periodismo e información | X9: Programas y certificaciones interdisciplinarios relativos a ciencias sociales, periodismo e información | Y9: Economía, administración, contaduría y afines | Z9: Administración | AA9: Posgrado | AB9: Especialización universitaria | AC9: Virtual | AD9: 24 | AE9: 2 | AF9: Semestral | AG9: No | AH9: Semestral | AI9: N | AJ9: Antioquia | AK9: Medellín | AL9: 6320000
A10: 9927 | B10: 9927 | C10: INSTITUCION UNIVERSITARIA DIGITAL DE ANTIOQUIA -IU. DIGITAL | D10: Activa | E10: Institución Universitaria/Escuela Tecnológica | F10: Oficial | H10: 116295 | I10: =VLOOKUP(H10,Hoja2!A:A,1,0) -> 116295 | K10: ESPECIALIZACIÓN EN GERENCIA DE LA SEGURIDAD Y SALUD EN EL TRABAJO | L10: Especialista en Gerencia de la Seguridad y Salud en el Trabajo | M10: Activo | P10: Registro calificado | Q10: 23141 | R10: 45259 | S10: 45266 | T10: 7 | U10: 45266 | V10: Administración de Empresas y Derecho | W10: Educación comercial y administración | X10: Gestión y administración | Y10: Sin información | Z10: Sin clasificar | AA10: Posgrado | AB10: Especialización universitaria | AC10: Virtual | AD10: 24 | AE10: 2 | AF10: Semestral | AG10: No | AH10: Semestral | AI10: N | AJ10: Antioquia | AK10: Medellín | AL10: 6320000
A11: 9927 | B11: 9927 | C11: INSTITUCION UNIVERSITARIA DIGITAL DE ANTIOQUIA -IU. DIGITAL | D11: Activa | E11: Institución Universitaria/Escuela Tecnológica | F11: Oficial | H11: 117906 | I11: =VLOOKUP(H11,Hoja2!A:A,1,0) -> 117906 | K11: ESPECIALIZACIÓN EN GESTIÓN AMBIENTAL PARA EL DESARROLLO TERRITORIAL SOSTENIBLE | L11: Especialista en Gestión Ambiental para el Desarrollo Territorial Sostenible | M11: Activo | P11: Registro calificado | Q11: 4541 | R11: 45727 | S11: 45743 | T11: 7 | U11: 45743 | V11: Ciencias Naturales, Matemáticas y Estadística | W11: Medio ambiente | X11: Ciencias del medio ambiente | Y11: Matemáticas y ciencias naturales | Z11: Geología, otros programas de ciencias naturales | AA11: Posgrado | AB11: Especialización universitaria | AC11: Virtual | AD11: 25 | AE11: 2 | AF11: Semestral | AG11: No | AH11: Semestral | AI11: N | AJ11: Antioquia | AK11: Medellín | AL11: 6320000
A12: 9927 | B12: 9927 | C12: INSTITUCION UNIVERSITARIA DIGITAL DE ANTIOQUIA -IU. DIGITAL | D12: Activa | E12: Institución Universitaria/Escuela Tecnológica | F12: Oficial | H12: 111115 | I12: =VLOOKUP(H12,Hoja2!A:A,1,0) -> 111115 | J12: 111115 | K12: ESPECIALIZACIÓN EN INOCUIDAD AGROALIMENTARIA | L12: ESPECIALISTA EN INOCUIDAD AGROALIMENTARIA | M12: Activo | P12: Registro calificado | Q12: 7615 | R12: 44655 | S12: 44657 | T12: 7 | U12: 44700.759 | V12: Ingeniería, Industria y Construcción | W12: Industria y procesamiento | X12: Procesamiento de alimentos | Y12: Ingeniería, arquitectura, urbanismo y afines | Z12: Ingeniería agroindustrial, alimentos y afines | AA12: Posgrado | AB12: Especialización universitaria | AC12: Virtual | AD12: 24 | AE12: 2 | AF12: Semestral | AG12: No | AH12: Trimestral | AI12: N | AJ12: Antioquia | AK12: Medellín | AL12: 6320000
A13: 9927 | B13: 9927 | C13: INSTITUCION UNIVERSITARIA DIGITAL DE ANTIOQUIA -IU. DIGITAL | D13: Activa | E13: Institución Universitaria/Escuela Tecnológica | F13: Oficial | H13: 107960 | I13: =VLOOKUP(H13,Hoja2!A:A,1,0) -> 107960 | J13: 107960 | K13: ESPECIALIZACIÓN EN PROGRAMACIÓN APLICADA | L13: ESPECIALISTA EN PROGRAMACIÓN APLICADA | M13: Activo | P13: Registro calificado | Q13: 4252 | R13: 43580 | S13: 43580 | T13: 7 | U13: 43598.473 | V13: Tecnologías de la Información y la Comunicación (TIC) | W13: Tecnologías de la Información y la Comunicación (TIC) | X13: Desarrollo y análisis de software y aplicaciones | Y13: Ingeniería, arquitectura, urbanismo y afines | Z13: Ingeniería de sistemas, telemática y afines | AA13: Posgrado | AB13: Especialización universitaria | AC13: Virtual | AD13: 24 | AE13: 2 | AF13: Semestral | AG13: No | AH13: Semestral | AI13: N | AJ13: Antioquia | AK13: Medellín | AL13: 6320000
A14: 9927 | B14: 9927 | C14: INSTITUCION UNIVERSITARIA DIGITAL DE ANTIOQUIA -IU. DIGITAL | D14: Activa | E14: Institución Universitaria/Escuela Tecnológica | F14: Oficial | H14: 116300 | I14: =VLOOKUP(H14,Hoja2!A:A,1,0) -> 116300 | K14: ESPECIALIZACIÓN EN TECNOLOGÍAS DIGITALES PARA EL APRENDIZAJE | L14: Especialista en Tecnologías Digitales para el Aprendizaje | M14: Activo | P14: Registro calificado | Q14: 23148 | R14: 45259 | S14: 45266 | T14: 7 | U14: 45266 | V14: Educación | W14: Educación | X14: Ciencias de la educación | Y14: Sin información | Z14: Sin clasificar | AA14: Posgrado | AB14: Especialización universitaria | AC14: Virtual | AD14: 24 | AE14: 2 | AF14: Semestral | AG14: No | AH14: Semestral | AI14: N | AJ14: Antioquia | AK14: Medellín | AL14: 6320000
A15: 9927 | B15: 9927 | C15: INSTITUCION UNIVERSITARIA DIGITAL DE ANTIOQUIA -IU. DIGITAL | D15: Activa | E15: Institución Universitaria/Escuela Tecnológica | F15: Oficial | H15: 116232 | I15: =VLOOKUP(H15,Hoja2!A:A,1,0) -> 116232 | K15: INGENIERÍA DE SOFTWARE Y DATOS | L15: Ingeniera (o) de Software y Datos | M15: Activo | P15: Registro calificado | Q15: 21298 | R15: 45240 | S15: 45244 | T15: 7 | U15: 45244 | V15: Tecnologías de la Información y la Comunicación (TIC) | W15: Tecnologías de la Información y la Comunicación (TIC) | X15: Desarrollo y análisis de software y aplicaciones | Y15: Sin información | Z15: Sin clasificar | AA15: Pregrado | AB15: Universitario | AC15: Virtual | AD15: 144 | AE15: 9 | AF15: Semestral | AG15: No | AH15: Semestral | AI15: N | AJ15: Antioquia | AK15: Medellín | AL15: 2765000
A16: 9927 | B16: 9927 | C16: INSTITUCION UNIVERSITARIA DIGITAL DE ANTIOQUIA -IU. DIGITAL | D16: Activa | E16: Institución Universitaria/Escuela Tecnológica | F16: Oficial | H16: 117540 | I16: =VLOOKUP(H16,Hoja2!A:A,1,0) -> 117540 | K16: INGENIERÍA EN DESARROLLO TERRITORIAL | L16: Ingeniero/a en Desarrollo Territorial | M16: Activo | P16: Registro calificado | Q16: 12084 | R16: 45492 | S16: 45495 | T16: 7 | U16: 45495 | V16: Ingeniería, Industria y Construcción | W16: Programas y certificaciones interdisciplinarios relativos a ingeniería, industria y construcción | X16: Programas y certificaciones interdisciplinarios relativos a ingeniería, industria y construcción | Y16: Sin información | Z16: Sin clasificar | AA16: Pregrado | AB16: Universitario | AC16: Virtual | AD16: 143 | AE16: 8 | AF16: Periodos | AG16: No | AH16: Semestral | AI16: N | AJ16: Antioquia | AK16: Medellín | AL16: 2765000
A17: 9927 | B17: 9927 | C17: INSTITUCION UNIVERSITARIA DIGITAL DE ANTIOQUIA -IU. DIGITAL | D17: Activa | E17: Institución Universitaria/Escuela Tecnológica | F17: Oficial | H17: 109615 | I17: =VLOOKUP(H17,Hoja2!A:A,1,0) -> 109615 | J17: 109615 | K17: INGENIERÍA MECATRÓNICA | L17: INGENIERO MECATRÓNICO | M17: Activo | P17: Registro calificado | Q17: 7154 | R17: 43963 | S17: 44153 | T17: 7 | U17: 44153 | V17: Ingeniería, Industria y Construcción | W17: Ingeniería y profesiones afines | X17: Electrónica y automatización | Y17: Ingeniería, arquitectura, urbanismo y afines | Z17: Ingeniería mecánica y afines | AA17: Pregrado | AB17: Universitario | AC17: Virtual | AD17: 158 | AE17: 9 | AF17: Semestral | AG17: No | AH17: Semestral | AI17: N | AJ17: Antioquia | AK17: Medellín | AL17: 2765000
A18: 9927 | B18: 9927 | C18: INSTITUCION UNIVERSITARIA DIGITAL DE ANTIOQUIA -IU. DIGITAL | D18: Activa | E18: Institución Universitaria/Escuela Tecnológica | F18: Oficial | H18: 116510 | I18: =VLOOKUP(H18,Hoja2!A:A,1,0) -> 116510 | K18: LICENCIATURA EN EDUCACIÓN BÁSICA PRIMARIA | L18: Licenciado(a) en Educación Básica Primaria | M18: Activo | P18: Registro calificado | Q18: 25371 | R18: 45281 | S18: 45301 | T18: 7 | U18: 45301 | V18: Educación | W18: Educación | X18: Formación para docentes sin asignatura de especialización | Y18: Sin información | Z18: Sin clasificar | AA18: Pregrado | AB18: Universitario | AC18: Virtual | AD18: 144 | AE18: 8 | AF18: Semestral | AG18: No | AH18: Semestral | AI18: N | AJ18: Antioquia | AK18: Medellín | AL18: 2765000
A19: 9927 | B19: 9927 | C19: INSTITUCION UNIVERSITARIA DIGITAL DE ANTIOQUIA -IU. DIGITAL | D19: Activa | E19: Institución Universitaria/Escuela Tecnológica | F19: Oficial | H19: 108269 | I19: =VLOOKUP(H19,Hoja2!A:A,1,0) -> 108269 | J19: 108269 | K19: PUBLICIDAD Y MERCADEO DIGITAL | L19: PROFESIONAL EN PUBLICIDAD Y MERCADEO DIGITAL | M19: Activo | P19: Registro calificado | Q19: 9134 | R19: 43706 | S19: 43706 | T19: 7 | U19: 43706 | V19: Administración de Empresas y Derecho | W19: Educación comercial y administración | X19: Mercadotecnia y publicidad | Y19: Bellas artes | Z19: Publicidad y afines | AA19: Pregrado | AB19: Universitario | AC19: Virtual | AD19: 141 | AE19: 8 | AF19: Semestral | AG19: No | AH19: Semestral | AI19: N | AJ19: Antioquia | AK19: Medellín | AL19: 2765000
A20: 9927 | B20: 9927 | C20: INSTITUCION UNIVERSITARIA DIGITAL DE ANTIOQUIA -IU. DIGITAL | D20: Activa | E20: Institución Universitaria/Escuela Tecnológica | F20: Oficial | H20: 109852 | I20: =VLOOKUP(H20,Hoja2!A:A,1,0) -> 109852 | J20: 109852 | K20: TECNOLOGÍA EN DESARROLLO COMUNITARIO | L20: TECNÓLOGO EN DESARROLLO COMUNITARIO | M20: Activo | P20: Registro calificado | Q20: 1720 | R20: 44231 | S20: 44235 | T20: 7 | U20: 44257.77 | V20: Ciencias Sociales, Periodismo e Información | W20: Ciencias sociales y del comportamiento | X20: Ciencias sociales y del comportamiento no clasificadas en otra parte | Y20: Ciencias sociales y humanas | Z20: Sociología, trabajo social y afines | AA20: Pregrado | AB20: Tecnológico | AC20: Virtual | AD20: 91 | AE20: 6 | AF20: Semestral | AG20: No | AH20: Bimensual | AI20: N | AJ20: Antioquia | AK20: Medellín | AL20: 2765000
A21: 9927 | B21: 9927 | C21: INSTITUCION UNIVERSITARIA DIGITAL DE ANTIOQUIA -IU. DIGITAL | D21: Activa | E21: Institución Universitaria/Escuela Tecnológica | F21: Oficial | H21: 107611 | I21: =VLOOKUP(H21,Hoja2!A:A,1,0) -> 107611 | J21: 107611 | K21: TECNOLOGÍA EN DESARROLLO DE SOFTWARE | L21: TECNÓLOGO EN DESARROLLO DE SOFTWARE | M21: Activo | P21: Registro calificado | Q21: 9132 | R21: 46113 | S21: 46134 | T21: 7 | U21: 46134 | V21: Tecnologías de la Información y la Comunicación (TIC) | W21: Tecnologías de la Información y la Comunicación (TIC) | X21: Desarrollo y análisis de software y aplicaciones | Y21: Ingeniería, arquitectura, urbanismo y afines | Z21: Ingeniería de sistemas, telemática y afines | AA21: Pregrado | AB21: Tecnológico | AC21: Virtual | AD21: 102 | AE21: 6 | AF21: Semestral | AG21: No | AH21: Semestral | AI21: N | AJ21: Antioquia | AK21: Medellín | AL21: 2765000
A22: 9927 | B22: 9927 | C22: INSTITUCION UNIVERSITARIA DIGITAL DE ANTIOQUIA -IU. DIGITAL | D22: Activa | E22: Institución Universitaria/Escuela Tecnológica | F22: Oficial | H22: 117095 | I22: =VLOOKUP(H22,Hoja2!A:A,1,0) -> 117095 | K22: TECNOLOGÍA EN GESTIÓN ADMINISTRATIVA | L22: Tecnólogo(a) en Gestión Administrativa | M22: Activo | P22: Registro calificado | Q22: 11404 | R22: 45489 | S22: 45505 | T22: 7 | U22: 45505 | V22: Administración de Empresas y Derecho | W22: Educación comercial y administración | X22: Gestión y administración | Y22: Sin información | Z22: Sin clasificar | AA22: Pregrado | AB22: Tecnológico | AC22: Virtual | AD22: 99 | AE22: 6 | AF22: Semestral | AG22: No | AH22: Semestral | AI22: N | AJ22: Antioquia | AK22: Medellín | AL22: 2765000
A23: 9927 | B23: 9927 | C23: INSTITUCION UNIVERSITARIA DIGITAL DE ANTIOQUIA -IU. DIGITAL | D23: Activa | E23: Institución Universitaria/Escuela Tecnológica | F23: Oficial | H23: 109194 | I23: =VLOOKUP(H23,Hoja2!A:A,1,0) -> 109194 | J23: 109194 | K23: TECNOLOGIA EN GESTION CATASTRAL Y AGRIMENSURA | L23: TECNOLOGO EN GESTION CATASTRAL Y AGRIMENSURA | M23: Activo | P23: Registro calificado | Q23: 15874 | R23: 43817 | S23: 43817 | T23: 7 | U23: 43879.645 | V23: Ingeniería, Industria y Construcción | W23: Arquitectura y construcción | X23: Construcción e ingeniería civil | Y23: Ingeniería, arquitectura, urbanismo y afines | Z23: Ingeniería civil y afines | AA23: Pregrado | AB23: Tecnológico | AC23: Virtual | AD23: 107 | AE23: 6 | AF23: Semestral | AG23: No | AH23: Semestral | AI23: N | AJ23: Antioquia | AK23: Medellín | AL23: 2765000
A24: 9927 | B24: 9927 | C24: INSTITUCION UNIVERSITARIA DIGITAL DE ANTIOQUIA -IU. DIGITAL | D24: Activa | E24: Institución Universitaria/Escuela Tecnológica | F24: Oficial | H24: 110915 | I24: =VLOOKUP(H24,Hoja2!A:A,1,0) -> 110915 | J24: 110915 | K24: TECNOLOGÍA EN GESTIÓN COMERCIAL AGROEMPRESARIAL | L24: TECNÓLOGO EN GESTIÓN COMERCIAL AGROEMPRESARIAL | M24: Activo | P24: Registro calificado | Q24: 1133 | R24: 44595 | S24: 44601 | T24: 7 | U24: 44630.582 | V24: Administración de Empresas y Derecho | W24: Educación comercial y administración | X24: Ventas al por mayor y al por menor | Y24: Economía, administración, contaduría y afines | Z24: Administración | AA24: Pregrado | AB24: Tecnológico | AC24: Virtual | AD24: 96 | AE24: 6 | AF24: Semestral | AG24: No | AH24: Semestral | AI24: N | AJ24: Antioquia | AK24: Medellín | AL24: 2765000
A25: 9927 | B25: 9927 | C25: INSTITUCION UNIVERSITARIA DIGITAL DE ANTIOQUIA -IU. DIGITAL | D25: Activa | E25: Institución Universitaria/Escuela Tecnológica | F25: Oficial | H25: 116793 | I25: =VLOOKUP(H25,Hoja2!A:A,1,0) -> 116793 | K25: TECNOLOGÍA EN GESTIÓN LOGÍSTICA PORTUARIA Y DEL TRANSPORTE | L25: Tecnólogo(a) en Gestión Logística Portuaria y del Transporte | M25: Activo | P25: Registro calificado | Q25: 3234 | R25: 45371 | S25: 45392 | T25: 7 | U25: 45392 | V25: Administración de Empresas y Derecho | W25: Educación comercial y administración | X25: Gestión y administración | Y25: Sin información | Z25: Sin clasificar | AA25: Pregrado | AB25: Tecnológico | AC25: Virtual | AD25: 96 | AE25: 6 | AF25: Semestral | AG25: No | AH25: Semestral | AI25: N | AJ25: Antioquia | AK25: Medellín | AL25: 2765000
A26: 9927 | B26: 9927 | C26: INSTITUCION UNIVERSITARIA DIGITAL DE ANTIOQUIA -IU. DIGITAL | D26: Activa | E26: Institución Universitaria/Escuela Tecnológica | F26: Oficial | H26: 109941 | I26: =VLOOKUP(H26,Hoja2!A:A,1,0) -> 109941 | J26: 109941 | K26: TRABAJO SOCIAL | L26: TRABAJADOR SOCIAL | M26: Activo | P26: Registro calificado | Q26: 50937 | R26: 44279 | S26: 44281 | T26: 7 | U26: 44298.931 | V26: Ciencias Sociales, Periodismo e Información | W26: Ciencias sociales y del comportamiento | X26: Trabajo social | Y26: Ciencias sociales y humanas | Z26: Sociología, trabajo social y afines | AA26: Pregrado | AB26: Universitario | AC26: Virtual | AD26: 134 | AE26: 8 | AF26: Semestral | AG26: No | AH26: Bimensual | AI26: N | AJ26: Antioquia | AK26: Medellín | AL26: 2765000
A28: NOTA: | B28: La información del presente reporte corresponde a los datos de caracterización del registro calificado del programa académico de educación superior que administra la Subdirección de Aseguramiento de la Calidad de la Educación Superior a través del sistema SACES (Soporte al Aseguramiento de la Calidad de la Educación Superior).

Sheet Hoja1
A1: programa
A2: Curso Acercamiento a las Intervenciones Psicosociales 2026 - Extensión académica Egresados | B2: =VLOOKUP(Hoja2!E:E,1,0) -> #N/A
A3: Curso Básico Herramientas Adobe Illustrator 2026 - Extensión académica Egresados | B3: =VLOOKUP(Hoja2!E:E,1,0) -> #N/A
A4: Curso Catastro Multipropósito 2026 - Extensión académica Egresados | B4: =VLOOKUP(Hoja2!E:E,1,0) -> #N/A
A5: Curso de inducción de la gobernación de Antioquia - Extensión Académica - Cerrado 2026 | B5: =VLOOKUP(Hoja2!E:E,1,0) -> #N/A
A6: Curso Fotografia Básica 2026 - Extensión académica Egresados | B6: =VLOOKUP(Hoja2!E:E,1,0) -> #N/A
A7: Curso Gestión Talento Humano 2026 - Extensión académica Egresados | B7: =VLOOKUP(Hoja2!E:E,1,0) -> #N/A
A8: Curso Habilidades Comunicativas 2026 - Extensión académica Egresados | B8: =VLOOKUP(Hoja2!E:E,1,0) -> #N/A
A9: Curso Herramientas TIC para la Educación 2026 - Extensión académica Egresados | B9: =VLOOKUP(Hoja2!E:E,1,0) -> #N/A
A10: Curso Informática Básica 2026 - Extension Curso Informática Básica 2026 - Extensión académica Egresados Egresados | B10: =VLOOKUP(Hoja2!E:E,1,0) -> #N/A
A11: Curso Introducción a la Agronomía 2026 - Extensión académica Egresados | B11: =VLOOKUP(Hoja2!E:E,1,0) -> #N/A
A12: Curso Introducción a la Horticultura 2026 - Extensión académica Egresados | B12: =VLOOKUP(Hoja2!E:E,1,0) -> #N/A
A13: Curso Introducción a la Industria del Cannabis Medicinal 2026 - Extensión académica Egresados | B13: =VLOOKUP(Hoja2!E:E,1,0) -> #N/A
... A35: INGLÉS 5 (INGLÉS FUERA DE LA MALLA 2026-1 B2) | B35: =VLOOKUP(Hoja2!E:E,1,0) -> #N/A
